Member;Identity
Mark.Twix;GG-Management
Leon.David;GG-Management
Stephen.George;GG-ManagementAssisant
Natalie.Jhon;GG-Marketing
Addison.Soans;GG-Marketing
Mark.Davis;GG-Marketing
Brent.Howson;GG-Reception
Bart.Roels;GG-Reception
Dieter.Depreester;GG-Accounting
Marie.Dewritte;GG-Accounting
Jens .Lage;GG-BUMangers
Tjorven.Buize;GG-BUMangers
Tom.Decavele;GG-BUMangers
Hans.Ameel;GG-SDMangers
GG-Management;DG-Management
GG-ManagementAssisant;DG-ManagementAssisant
GG-Accounting;DG-Accounting
GG-Marketing;DG-Marketing
GG-Reception;DG-Reception
GG-BUMangers;DG-BUMangers
GG-SDMangers;DG-SDMangers
